EmpId, Name Prefix, First name, Middle Initial, Last Name, Gender, email, dob, Date of joinin
EmployeeDTO{empId='225018', namePrefix='Hon.', firstName='Catrice', middleInitial='D', lastName='Needham', gender='X', email='catrice.needham@shell.com', dob='07/05/1977', dateOfJoining='10/02/2005', salary='131082'}
EmployeeDTO{empId='945178', namePrefix='Ms.', firstName='Beulah', middleInitial='J', lastName='Weeks', gender='F', email='beulah.weeks@aol.com', dob='04/05/1975', dateOfJoining='02/11/2011', salary='139978'}
EmployeeDTO{empId='741457', namePrefix='Prof.', firstName='Hank', middleInitial='H', lastName='Sauter', gender='M', email='hank.sauter@yahoo.co.uk', dob='5/25/1987', dateOfJoining='06/10/2014', salary='102928'}
EmployeeDTO{empId='576333', namePrefix='Mr.', firstName='Gregorio', middleInitial='Z', lastName='Bauman', gender='M', email='gregorio.bauman@gmail.com', dob='12/12/1970', dateOfJoining='01/09/2016', salary='188606'}
EmployeeDTO{empId='236145', namePrefix='Mr.', firstName='Solomon', middleInitial='C', lastName='Sato', gender='M', email='dorsey.minor@yahoo.co.uk', dob='7/18/1967', dateOfJoining='1/26/2008', salary='100087'}
EmployeeDTO{empId='674831', namePrefix='Mrs.', firstName='Tiffany', middleInitial='FALSE', lastName='Owensby', gender='F', email='tiffany.owensby@hotmail.com', dob='6/29/1979', dateOfJoining='10/06/2010', salary='156140'}
EmployeeDTO{empId='371411', namePrefix='Prof.', firstName='Quinton', middleInitial='N', lastName='Perri', gender='M', email='quinton.perri@shell.com', dob='06/03/1960', dateOfJoining='7/19/1995', salary='-118058'}
EmployeeDTO{empId='945178', namePrefix='Ms.', firstName='Tanja', middleInitial='A', lastName='Ralph', gender='F', email='tanja.ralph@hotmail.com', dob='6/16/1971', dateOfJoining='1/26/2011', salary='153309'}
EmployeeDTO{empId='439696', namePrefix='Mr.', firstName='Bert', middleInitial='S', lastName='Boisvert', gender='X', email='bert.boisvert@gmail.com', dob='08/11/1993', dateOfJoining='09/06/2016', salary='127898'}
EmployeeDTO{empId='571027', namePrefix='Ms.', firstName='Jamee', middleInitial='T', lastName='Stamp', gender='F', email='jamee.stamp@gmail.com', dob='10/23/1982', dateOfJoining='3/24/2007', salary='192759'}
EmployeeDTO{empId='133064', namePrefix='Mr.', firstName='Jae', middleInitial='F', lastName='Hasson', gender='M', email='kera.hord@yahoo.com', dob='06/07/1995', dateOfJoining='4/30/2017', salary='134862'}
EmployeeDTO{empId='577588', namePrefix='Mr.', firstName='Giuseppe', middleInitial='M', lastName='Lux', gender='M', email='giuseppe.lux@shell.com', dob='04/10/1962', dateOfJoining='07/01/1989', salary='78040'}
EmployeeDTO{empId='577588', namePrefix='Ms.', firstName='Adam', middleInitial='X', lastName='Sorensen', gender='F', email='adam.sorensen@gmail.com', dob='4/14/1967', dateOfJoining='3/18/1997', salary='123968'}
EmployeeDTO{empId='695651', namePrefix='Mr.', firstName='Herb', middleInitial='W', lastName='Mosier', gender='M', email='herb.mosier@shaw.ca', dob='5/13/1969', dateOfJoining='6/30/1991', salary='42944'}
EmployeeDTO{empId='326751', namePrefix='Prof.', firstName='Matt', middleInitial='K', lastName='Bragdon', gender='M', email='matt.bragdon@outlook.com', dob='6/22/1960', dateOfJoining='03/08/2006', salary='44530'}
EmployeeDTO{empId='154198', namePrefix='Mr.', firstName='Hiram', middleInitial='B', lastName='Bowers', gender='X', email='hiram.bowers@walmart.com', dob='01/01/1969', dateOfJoining='03/09/2001', salary='157358'}
EmployeeDTO{empId='183291', namePrefix='Drs.', firstName='Linnie', middleInitial='C', lastName='Mowery', gender='X', email='linnie.mowery@hotmail.com', dob='03/06/1993', dateOfJoining='11/06/2014', salary='195095'}
EmployeeDTO{empId='899496', namePrefix='Dr.', firstName='Buford', middleInitial='Y', lastName='Mccown', gender='M', email='roslyn.maria@hotmail.com', dob='11/13/1967', dateOfJoining='3/26/2016', salary='157684'}
EmployeeDTO{empId='302101', namePrefix='Hon.', firstName='Stefania', middleInitial='FALSE', lastName='Sublett', gender='F', email='stefania.sublett@ibm.com', dob='8/19/1979', dateOfJoining='7/13/2014', salary='83922'}
EmployeeDTO{empId='562522', namePrefix='Prof.', firstName='Jamaal', middleInitial='D', lastName='Ellingson', gender='M', email='jamaal.ellingson@earthlink.net', dob='8/15/1976', dateOfJoining='8/24/2014', salary='95212'}
EmployeeDTO{empId='594882', namePrefix='Mrs.', firstName='Maxima', middleInitial='J', lastName='Rex', gender='X', email='maxima.rex@hotmail.co.uk', dob='3/20/1972', dateOfJoining='1/23/2010', salary='75685'}
EmployeeDTO{empId='130519', namePrefix='Hon.', firstName='Samuel', middleInitial='O', lastName='Brill', gender='X', email='samuel.brill@charter.net', dob='11/18/1974', dateOfJoining='9/19/1999', salary='187334'}
EmployeeDTO{empId='766806', namePrefix='Prof.', firstName='Yong', middleInitial='X', lastName='Haugen', gender='X', email='yong.haugen@hotmail.com', dob='4/20/1984', dateOfJoining='05/03/2005', salary='44072'}
EmployeeDTO{empId='351818', namePrefix='Ms.', firstName='Vickie', middleInitial='FALSE', lastName='Reimer', gender='F', email='vickie.reimer@comcast.net', dob='3/16/1967', dateOfJoining='03/04/2010', salary='120879'}
EmployeeDTO{empId='308771', namePrefix='Mrs.', firstName='Adeline', middleInitial='X', lastName='Poston', gender='F', email='adeline.poston@charter.net', dob='03/07/1979', dateOfJoining='6/28/2005', salary='187740'}
EmployeeDTO{empId='425467', namePrefix='Mr.', firstName='Benton', middleInitial='Q', lastName='Dotson', gender='M', email='benton.dotson@yahoo.co.in', dob='10/29/1976', dateOfJoining='11/28/2004', salary='78764'}
EmployeeDTO{empId='212905', namePrefix='Mr.', firstName='Augustine', middleInitial='U', lastName='Lock', gender='M', email='shawanda.troxell@gmail.com', dob='08/01/1986', dateOfJoining='01/09/2013', salary='179000'}
EmployeeDTO{empId='293943', namePrefix='Prof.', firstName='Sid', middleInitial='P', lastName='Fasano', gender='M', email='al.pettiford@hotmail.com', dob='08/11/1968', dateOfJoining='01/11/2009', salary='77404'}
EmployeeDTO{empId='562522', namePrefix='Mr.', firstName='Merlin', middleInitial='J', lastName='Tackett', gender='M', email='merlin.tackett@gmail.com', dob='06/02/1990', dateOfJoining='09/09/2013', salary='72994'}
EmployeeDTO{empId='721695', namePrefix='Mr.', firstName='Robert', middleInitial='B', lastName='Harrison', gender='M', email='robert.harrison@gmail.com', dob='01/10/1996', dateOfJoining='7/15/2017', salary='55024'}
EmployeeDTO{empId='738228', namePrefix='Ms.', firstName='Adelle', middleInitial='Y', lastName='Mccorkle', gender='X', email='adelle.mccorkle@walmart.com', dob='9/29/1966', dateOfJoining='2/18/2000', salary='116985'}
EmployeeDTO{empId='840474', namePrefix='Mr.', firstName='Chung', middleInitial='N', lastName='Houghton', gender='M', email='chung.houghton@aol.com', dob='07/05/1974', dateOfJoining='11/10/2006', salary='188505'}
EmployeeDTO{empId='176323', namePrefix='Dr.', firstName='Chi', middleInitial='C', lastName='Fee', gender='X', email='chi.fee@yahoo.com', dob='08/10/1978', dateOfJoining='01/03/2000', salary='75481'}
EmployeeDTO{empId='778241', namePrefix='Drs.', firstName='Barbar', middleInitial='I', lastName='Houghton', gender='X', email='barbar.houghton@yahoo.com', dob='03/09/1960', dateOfJoining='10/05/1996', salary='131033'}
EmployeeDTO{empId='449321', namePrefix='Mr.', firstName='Mickey', middleInitial='Y', lastName='Squire', gender='M', email='mickey.squire@gmail.com', dob='01/03/1972', dateOfJoining='04/10/1998', salary='95031'}
EmployeeDTO{empId='576333', namePrefix='Mrs.', firstName='Dominica', middleInitial='U', lastName='Arsenault', gender='F', email='dominica.arsenault@btinternet.com', dob='01/01/1977', dateOfJoining='4/18/2012', salary='160452'}
EmployeeDTO{empId='208384', namePrefix='Mr.', firstName='Christian', middleInitial='J', lastName='Marchetti', gender='M', email='christian.marchetti@gmail.com', dob='6/30/1963', dateOfJoining='9/21/1995', salary='-114240'}
EmployeeDTO{empId='280730', namePrefix='Mr.', firstName='Hong', middleInitial='A', lastName='Chipman', gender='M', email='hong.chipman@gmail.com', dob='10/05/1969', dateOfJoining='04/09/1994', salary='184489'}
EmployeeDTO{empId='400293', namePrefix='Mr.', firstName='Paris', middleInitial='R', lastName='Mertz', gender='M', email='paris.mertz@shell.com', dob='7/14/1983', dateOfJoining='03/08/2015', salary='-65346'}
EmployeeDTO{empId='721695', namePrefix='Mr.', firstName='Henry', middleInitial='I', lastName='Hyden', gender='M', email='henry.hyden@hotmail.com', dob='10/06/1995', dateOfJoining='01/04/2017', salary='182428'}
EmployeeDTO{empId='813291', namePrefix='Ms.', firstName='Madlyn', middleInitial='W', lastName='Pace', gender='F', email='madlyn.pace@hotmail.com', dob='11/18/1995', dateOfJoining='01/08/2017', salary='192880'}
EmployeeDTO{empId='557567', namePrefix='Mrs.', firstName='Kera', middleInitial='V', lastName='Hord', gender='F', email='kera.hord@yahoo.com', dob='12/03/1976', dateOfJoining='08/07/2005', salary='68890'}
EmployeeDTO{empId='947619', namePrefix='Ms.', firstName='Barbie', middleInitial='R', lastName='Grillo', gender='F', email='barbie.grillo@gmail.com', dob='5/25/1969', dateOfJoining='6/14/2012', salary='166717'}
EmployeeDTO{empId='613882', namePrefix='Mr.', firstName='Donny', middleInitial='M', lastName='Mohler', gender='M', email='donny.mohler@aol.com', dob='10/16/1986', dateOfJoining='12/31/2014', salary='88655'}
EmployeeDTO{empId='482012', namePrefix='Mrs.', firstName='Jennie', middleInitial='N', lastName='Warner', gender='F', email='jennie.warner@gmail.com', dob='2/25/1966', dateOfJoining='9/19/2004', salary='178484'}
EmployeeDTO{empId='214099', namePrefix='Ms.', firstName='Isabelle', middleInitial='I', lastName='Escobedo', gender='F', email='isabelle.escobedo@hotmail.com', dob='10/07/1995', dateOfJoining='1/14/2017', salary='99956'}
EmployeeDTO{empId='273911', namePrefix='Ms.', firstName='Eboni', middleInitial='V', lastName='Vermillion', gender='F', email='eboni.vermillion@hotmail.com', dob='3/14/1980', dateOfJoining='7/13/2015', salary='127588'}
EmployeeDTO{empId='554969', namePrefix='Mr.', firstName='Harris', middleInitial='T', lastName='Thomsen', gender='X', email='harris.thomsen@yahoo.co.in', dob='2/17/1979', dateOfJoining='11/10/2001', salary='178012'}
EmployeeDTO{empId='467080', namePrefix='Mr.', firstName='Dane', middleInitial='Y', lastName='Lomeli', gender='M', email='dane.lomeli@gmail.com', dob='4/24/1994', dateOfJoining='03/07/2016', salary='116255'}
EmployeeDTO{empId='891653', namePrefix='Mrs.', firstName='Mindi', middleInitial='T', lastName='Higley', gender='F', email='mindi.higley@gmail.com', dob='01/11/1958', dateOfJoining='02/06/1981', salary='157961'}
EmployeeDTO{empId='620492', namePrefix='Mrs.', firstName='Crystal', middleInitial='U', lastName='Sparkman', gender='X', email='crystal.sparkman@exxonmobil.com', dob='12/21/1990', dateOfJoining='1/20/2012', salary='185461'}
EmployeeDTO{empId='195200', namePrefix='Dr.', firstName='Jaime', middleInitial='F', lastName='Steck', gender='M', email='jaime.steck@gmail.com', dob='01/08/1969', dateOfJoining='2/14/2013', salary='101125'}
EmployeeDTO{empId='992780', namePrefix='Mr.', firstName='Lawrence', middleInitial='L', lastName='Macomber', gender='M', email='lawrence.macomber@exxonmobil.com', dob='06/09/1967', dateOfJoining='10/23/1993', salary='42843'}
EmployeeDTO{empId='272630', namePrefix='Ms.', firstName='Ingeborg', middleInitial='M', lastName='Bolding', gender='F', email='ingeborg.bolding@cox.net', dob='06/10/1988', dateOfJoining='09/04/2012', salary='53138'}
EmployeeDTO{empId='955733', namePrefix='Mr.', firstName='Marc', middleInitial='O', lastName='Mcleod', gender='M', email='marc.mcleod@yahoo.com', dob='01/04/1962', dateOfJoining='2/28/2017', salary='66858'}
EmployeeDTO{empId='925162', namePrefix='Ms.', firstName='Shawanda', middleInitial='Y', lastName='Troxell', gender='F', email='shawanda.troxell@gmail.com', dob='1/24/1964', dateOfJoining='07/06/1996', salary='158944'}
EmployeeDTO{empId='173479', namePrefix='Prof.', firstName='Jefferey', middleInitial='C', lastName='Carver', gender='M', email='jefferey.carver@yahoo.co.uk', dob='07/07/1976', dateOfJoining='3/25/2009', salary='89940'}
EmployeeDTO{empId='421181', namePrefix='Mrs.', firstName='Sidney', middleInitial='X', lastName='Lindstrom', gender='F', email='sidney.lindstrom@cox.net', dob='3/29/1985', dateOfJoining='06/08/2017', salary='139848'}
EmployeeDTO{empId='465043', namePrefix='Dr.', firstName='Korey', middleInitial='H', lastName='Madore', gender='X', email='korey.madore@gmail.com', dob='9/22/1995', dateOfJoining='10/16/2016', salary='79423'}
EmployeeDTO{empId='528467', namePrefix='Mrs.', firstName='Ayanna', middleInitial='Y', lastName='Pinder', gender='F', email='ayanna.pinder@hotmail.com', dob='12/27/1977', dateOfJoining='01/04/2007', salary='68232'}
EmployeeDTO{empId='469204', namePrefix='Hon.', firstName='Marion', middleInitial='O', lastName='Rigby', gender='M', email='marion.rigby@hotmail.com', dob='9/16/1993', dateOfJoining='01/10/2015', salary='45836'}
EmployeeDTO{empId='602809', namePrefix='Hon.', firstName='Ralph', middleInitial='G', lastName='Dampier', gender='M', email='ralph.dampier@hotmail.co.uk', dob='2/19/1975', dateOfJoining='08/08/1996', salary='140032'}
EmployeeDTO{empId='772917', namePrefix='Hon.', firstName='Valentine', middleInitial='V', lastName='Linder', gender='F', email='valentine.linder@hotmail.com', dob='07/12/1979', dateOfJoining='5/27/2014', salary='44938'}
EmployeeDTO{empId='115718', namePrefix='Ms.', firstName='Celia', middleInitial='S', lastName='Richards', gender='F', email='celia.richards@ibm.com', dob='10/02/1984', dateOfJoining='12/06/2009', salary='56085'}
EmployeeDTO{empId='556707', namePrefix='Ms.', firstName='Miss', middleInitial='C', lastName='Mccammon', gender='F', email='miss.mccammon@hotmail.com', dob='12/18/1975', dateOfJoining='7/27/2015', salary='126460'}
EmployeeDTO{empId='441179', namePrefix='Prof.', firstName='Steve', middleInitial='X', lastName='Arciniega', gender='M', email='graig.dowd@shell.com', dob='10/25/1983', dateOfJoining='11/21/2014', salary='162481'}
EmployeeDTO{empId='569749', namePrefix='Hon.', firstName='Dorsey', middleInitial='N', lastName='Minor', gender='M', email='dorsey.minor@yahoo.co.uk', dob='12/14/1994', dateOfJoining='06/04/2016', salary='47176'}
EmployeeDTO{empId='968722', namePrefix='Ms.', firstName='Francoise', middleInitial='P', lastName='Mcbryde', gender='F', email='francoise.mcbryde@gmail.com', dob='5/17/1964', dateOfJoining='2/26/2017', salary='153855'}
EmployeeDTO{empId='840551', namePrefix='Prof.', firstName='Al', middleInitial='F', lastName='Pettiford', gender='M', email='al.pettiford@hotmail.com', dob='05/06/1974', dateOfJoining='12/21/2016', salary='112434'}
EmployeeDTO{empId='448153', namePrefix='Ms.', firstName='Shaunte', middleInitial='C', lastName='Dever', gender='F', email='shaunte.dever@hotmail.com', dob='09/10/1992', dateOfJoining='6/22/2016', salary='130944'}
EmployeeDTO{empId='766480', namePrefix='Hon.', firstName='Lorna', middleInitial='M', lastName='Masters', gender='F', email='lorna.masters@ibm.com', dob='10/08/1978', dateOfJoining='11/03/2009', salary='142539'}
EmployeeDTO{empId='806216', namePrefix='Mrs.', firstName='Gwendolyn', middleInitial='U', lastName='Bramble', gender='F', email='gwendolyn.bramble@hotmail.com', dob='11/13/1982', dateOfJoining='7/31/2016', salary='59164'}
EmployeeDTO{empId='619807', namePrefix='Mrs.', firstName='Hildred', middleInitial='H', lastName='Freeland', gender='X', email='hildred.freeland@rediffmail.com', dob='9/16/1959', dateOfJoining='2/24/2013', salary='124830'}
EmployeeDTO{empId='152782', namePrefix='Mr.', firstName='Wallace', middleInitial='Z', lastName='Madrigal', gender='M', email='madlyn.pace@hotmail.com', dob='03/05/1982', dateOfJoining='3/17/2007', salary='40843'}
EmployeeDTO{empId='421181', namePrefix='Drs.', firstName='Merri', middleInitial='J', lastName='Tillery', gender='F', email='merri.tillery@outlook.com', dob='01/12/1958', dateOfJoining='6/14/1990', salary='85034'}
EmployeeDTO{empId='850355', namePrefix='Mr.', firstName='Lazaro', middleInitial='Y', lastName='Huskey', gender='X', email='lazaro.huskey@bellsouth.net', dob='12/22/1976', dateOfJoining='8/26/2011', salary='109492'}
EmployeeDTO{empId='768767', namePrefix='Drs.', firstName='Dorcas', middleInitial='S', lastName='Magill', gender='F', email='dorcas.magill@gmail.com', dob='08/07/1966', dateOfJoining='7/15/1989', salary='128820'}
EmployeeDTO{empId='891653', namePrefix='Hon.', firstName='Marshall', middleInitial='U', lastName='Johanson', gender='M', email='marshall.johanson@yahoo.co.in', dob='01/01/1965', dateOfJoining='09/04/1992', salary='107590'}
EmployeeDTO{empId='505192', namePrefix='Ms.', firstName='Corinna', middleInitial='T', lastName='Garfield', gender='F', email='corinna.garfield@gmail.com', dob='4/22/1976', dateOfJoining='7/16/2001', salary='61454'}
EmployeeDTO{empId='237649', namePrefix='Mr.', firstName='Jerrod', middleInitial='O', lastName='Read', gender='X', email='jerrod.read@gmail.com', dob='6/21/1965', dateOfJoining='2/21/2006', salary='54537'}
EmployeeDTO{empId='984952', namePrefix='Mr.', firstName='Francesco', middleInitial='J', lastName='Owens', gender='M', email='artie.oxendine@gmail.com', dob='1/18/1961', dateOfJoining='08/11/1996', salary='44500'}
EmployeeDTO{empId='528467', namePrefix='Dr.', firstName='Asa', middleInitial='K', lastName='Peeples', gender='M', email='asa.peeples@aol.com', dob='10/03/1971', dateOfJoining='12/09/1994', salary='63788'}
EmployeeDTO{empId='443835', namePrefix='Hon.', firstName='Louis', middleInitial='M', lastName='Alton', gender='M', email='louis.alton@ibm.com', dob='9/27/1972', dateOfJoining='03/07/1998', salary='66309'}
EmployeeDTO{empId='943027', namePrefix='Mrs.', firstName='Alesha', middleInitial='H', lastName='Ornelas', gender='X', email='alesha.ornelas@yahoo.com', dob='8/18/1975', dateOfJoining='06/02/2001', salary='71310'}
EmployeeDTO{empId='517476', namePrefix='Mrs.', firstName='Twila', middleInitial='Q', lastName='Cherry', gender='F', email='twila.cherry@aol.com', dob='12/07/1991', dateOfJoining='05/12/2013', salary='122025'}
EmployeeDTO{empId='893595', namePrefix='Mr.', firstName='Hobert', middleInitial='V', lastName='Gustafson', gender='X', email='hobert.gustafson@hotmail.com', dob='06/12/1980', dateOfJoining='10/11/2001', salary='97646'}
EmployeeDTO{empId='741910', namePrefix='Mrs.', firstName='Augusta', middleInitial='F', lastName='Heiser', gender='X', email='augusta.heiser@ibm.com', dob='6/18/1962', dateOfJoining='01/05/1985', salary='126584'}
EmployeeDTO{empId='128657', namePrefix='Mr.', firstName='Margarito', middleInitial='W', lastName='Dyer', gender='X', email='margarito.dyer@msn.com', dob='5/25/1986', dateOfJoining='12/10/2007', salary='64899'}
EmployeeDTO{empId='758783', namePrefix='Dr.', firstName='Antonio', middleInitial='E', lastName='Kropp', gender='M', email='antonio.kropp@yahoo.com', dob='02/12/1983', dateOfJoining='01/08/2008', salary='184807'}
EmployeeDTO{empId='724623', namePrefix='Hon.', firstName='Lashonda', middleInitial='Q', lastName='Heckman', gender='F', email='lashonda.heckman@yahoo.com', dob='11/08/1974', dateOfJoining='7/31/2000', salary='146675'}
EmployeeDTO{empId='365479', namePrefix='Prof.', firstName='Terence', middleInitial='D', lastName='Huss', gender='M', email='terence.huss@gmail.com', dob='10/02/1986', dateOfJoining='9/24/2008', salary='46374'}
EmployeeDTO{empId='469204', namePrefix='Mr.', firstName='Rufus', middleInitial='H', lastName='Schofield', gender='M', email='rufus.schofield@gmail.com', dob='8/14/1986', dateOfJoining='07/07/2010', salary='78434'}
EmployeeDTO{empId='674284', namePrefix='Mrs.', firstName='Kina', middleInitial='FALSE', lastName='Mcvay', gender='F', email='kina.mcvay@hotmail.com', dob='6/20/1978', dateOfJoining='08/04/2012', salary='107926'}
EmployeeDTO{empId='676073', namePrefix='Mr.', firstName='Adan', middleInitial='J', lastName='Walther', gender='X', email='adan.walther@apple.com', dob='3/23/1993', dateOfJoining='12/23/2015', salary='193815'}
EmployeeDTO{empId='510897', namePrefix='Mr.', firstName='Russell', middleInitial='E', lastName='Nowell', gender='M', email='russell.nowell@bp.com', dob='7/29/1960', dateOfJoining='11/08/1988', salary='41309'}
EmployeeDTO{empId='672878', namePrefix='Mr.', firstName='Reid', middleInitial='E', lastName='Mackie', gender='X', email='reid.mackie@gmail.com', dob='11/11/1971', dateOfJoining='12/05/2007', salary='60974'}
EmployeeDTO{empId='621694', namePrefix='Ms.', firstName='Mackenzie', middleInitial='F', lastName='Hillman', gender='X', email='mackenzie.hillman@outlook.com', dob='12/18/1963', dateOfJoining='1/21/2002', salary='118216'}
EmployeeDTO{empId='724623', namePrefix='Ms.', firstName='Lera', middleInitial='G', lastName='Tillett', gender='F', email='lera.tillett@gmail.com', dob='06/06/1958', dateOfJoining='7/14/1997', salary='100747'}
EmployeeDTO{empId='816839', namePrefix='Ms.', firstName='In', middleInitial='Q', lastName='Shirk', gender='F', email='in.shirk@yahoo.com', dob='5/25/1981', dateOfJoining='11/09/2015', salary='118928'}
EmployeeDTO{empId='177006', namePrefix='Mrs.', firstName='Gisele', middleInitial='P', lastName='Huie', gender='F', email='gisele.huie@gmail.com', dob='4/29/1980', dateOfJoining='07/11/2010', salary='115389'}
EmployeeDTO{empId='602809', namePrefix='Ms.', firstName='Juana', middleInitial='E', lastName='Perdue', gender='F', email='juana.perdue@hotmail.com', dob='05/08/1962', dateOfJoining='3/14/2001', salary='80774'}
EmployeeDTO{empId='206875', namePrefix='Mr.', firstName='Emil', middleInitial='Y', lastName='Bost', gender='X', email='emil.bost@gmail.com', dob='6/28/1995', dateOfJoining='05/12/2017', salary='118343'}
EmployeeDTO{empId='276651', namePrefix='Drs.', firstName='Venice', middleInitial='W', lastName='Goree', gender='F', email='roselee.creamer@hotmail.com', dob='11/28/1960', dateOfJoining='09/05/1988', salary='128638'}
EmployeeDTO{empId='467202', namePrefix='Mr.', firstName='Jose', middleInitial='Y', lastName='Hogan', gender='X', email='jose.hogan@gmail.com', dob='4/18/1983', dateOfJoining='08/09/2004', salary='173220'}
EmployeeDTO{empId='425467', namePrefix='Mrs.', firstName='Venita', middleInitial='F', lastName='Wagers', gender='F', email='venita.wagers@gmail.com', dob='08/06/1979', dateOfJoining='09/05/2011', salary='83208'}
EmployeeDTO{empId='699775', namePrefix='Mrs.', firstName='Gwenn', middleInitial='FALSE', lastName='Guyton', gender='F', email='gwenn.guyton@btinternet.com', dob='04/05/1979', dateOfJoining='06/12/2011', salary='89604'}
EmployeeDTO{empId='636130', namePrefix='Ms.', firstName='Josefina', middleInitial='O', lastName='Regan', gender='X', email='josefina.regan@hotmail.co.uk', dob='03/08/1958', dateOfJoining='04/09/1996', salary='63744'}
EmployeeDTO{empId='561191', namePrefix='Dr.', firstName='Woodrow', middleInitial='FALSE', lastName='Whittington', gender='M', email='woodrow.whittington@yahoo.com', dob='08/04/1971', dateOfJoining='7/22/2011', salary='161838'}
EmployeeDTO{empId='967678', namePrefix='Mr.', firstName='Elijah', middleInitial='L', lastName='Vannoy', gender='M', email='hong.chipman@gmail.com', dob='2/13/1978', dateOfJoining='05/12/2010', salary='140054'}
EmployeeDTO{empId='508642', namePrefix='Hon.', firstName='Eula', middleInitial='K', lastName='Gammon', gender='X', email='eula.gammon@comcast.net', dob='11/02/1978', dateOfJoining='8/20/2002', salary='185191'}
EmployeeDTO{empId='581148', namePrefix='Mr.', firstName='Anton', middleInitial='X', lastName='Donnelly', gender='M', email='anton.donnelly@verizon.net', dob='9/14/1984', dateOfJoining='12/29/2007', salary='199561'}
EmployeeDTO{empId='173479', namePrefix='Ms.', firstName='Marnie', middleInitial='Z', lastName='Luckey', gender='F', email='marnie.luckey@outlook.com', dob='11/27/1970', dateOfJoining='05/05/2017', salary='81053'}
EmployeeDTO{empId='874818', namePrefix='Dr.', firstName='Joshua', middleInitial='N', lastName='Thai', gender='M', email='joshua.thai@bellsouth.net', dob='5/23/1970', dateOfJoining='3/26/2002', salary='87636'}
EmployeeDTO{empId='674621', namePrefix='Mrs.', firstName='Deana', middleInitial='T', lastName='Muldoon', gender='X', email='deana.muldoon@aol.com', dob='12/19/1976', dateOfJoining='06/02/2016', salary='87909'}
EmployeeDTO{empId='866609', namePrefix='Mr.', firstName='Gabriel', middleInitial='FALSE', lastName='Hoekstra', gender='M', email='gabriel.hoekstra@gmail.com', dob='2/23/1977', dateOfJoining='1/23/2002', salary='158492'}
EmployeeDTO{empId='288302', namePrefix='Hon.', firstName='Deloras', middleInitial='T', lastName='Benavides', gender='F', email='deloras.benavides@aol.com', dob='7/31/1988', dateOfJoining='12/25/2013', salary='91194'}
EmployeeDTO{empId='214099', namePrefix='Mrs.', firstName='Alina', middleInitial='V', lastName='Kates', gender='F', email='alina.kates@gmail.com', dob='10/28/1966', dateOfJoining='01/06/2006', salary='154771'}
EmployeeDTO{empId='368330', namePrefix='Mr.', firstName='Felton', middleInitial='Q', lastName='Garvey', gender='M', email='shaunte.dever@hotmail.com', dob='02/10/1964', dateOfJoining='12/28/1998', salary='168167'}
EmployeeDTO{empId='766480', namePrefix='Mrs.', firstName='Bridgette', middleInitial='R', lastName='Cannady', gender='F', email='bridgette.cannady@verizon.net', dob='12/04/1980', dateOfJoining='2/27/2009', salary='50683'}
EmployeeDTO{empId='137763', namePrefix='Mr.', firstName='Bennie', middleInitial='M', lastName='Lillard', gender='X', email='bennie.lillard@gmail.com', dob='2/25/1987', dateOfJoining='10/29/2014', salary='125855'}
EmployeeDTO{empId='164707', namePrefix='Hon.', firstName='Roselee', middleInitial='J', lastName='Creamer', gender='F', email='roselee.creamer@hotmail.com', dob='11/05/1980', dateOfJoining='09/09/2015', salary='176398'}
EmployeeDTO{empId='365479', namePrefix='Drs.', firstName='Leann', middleInitial='E', lastName='Ellinger', gender='F', email='leann.ellinger@earthlink.net', dob='05/04/1982', dateOfJoining='10/30/2016', salary='156004'}
EmployeeDTO{empId='517476', namePrefix='Ms.', firstName='Marleen', middleInitial='C', lastName='Bell', gender='F', email='marleen.bell@gmail.com', dob='01/06/1963', dateOfJoining='12/03/1995', salary='117582'}
EmployeeDTO{empId='726003', namePrefix='Mr.', firstName='Brenton', middleInitial='F', lastName='Saucedo', gender='X', email='brenton.saucedo@charter.net', dob='6/13/1969', dateOfJoining='08/09/2014', salary='173056'}
EmployeeDTO{empId='308771', namePrefix='Ms.', firstName='Candida', middleInitial='U', lastName='Weekley', gender='F', email='candida.weekley@gmail.com', dob='03/04/1982', dateOfJoining='12/24/2005', salary='178853'}
EmployeeDTO{empId='768767', namePrefix='Mrs.', firstName='Elene', middleInitial='X', lastName='Riddick', gender='F', email='elene.riddick@apple.com', dob='11/03/1970', dateOfJoining='02/04/1996', salary='196965'}
EmployeeDTO{empId='557921', namePrefix='Prof.', firstName='Pat', middleInitial='C', lastName='Nemeth', gender='M', email='pat.nemeth@gmail.com', dob='2/21/1974', dateOfJoining='10/13/2016', salary='-195429'}
EmployeeDTO{empId='802769', namePrefix='Ms.', firstName='Despina', middleInitial='F', lastName='Ayers', gender='X', email='despina.ayers@gmail.com', dob='7/18/1995', dateOfJoining='8/16/2016', salary='125038'}
EmployeeDTO{empId='472334', namePrefix='Mr.', firstName='Mose', middleInitial='B', lastName='Nunley', gender='M', email='mose.nunley@yahoo.com', dob='4/20/1972', dateOfJoining='2/16/2003', salary='176146'}
EmployeeDTO{empId='510897', namePrefix='Drs.', firstName='Alene', middleInitial='X', lastName='Throckmorton', gender='F', email='alene.throckmorton@outlook.com', dob='5/28/1964', dateOfJoining='2/26/1988', salary='73907'}
EmployeeDTO{empId='961538', namePrefix='Mrs.', firstName='Norman', middleInitial='J', lastName='Siler', gender='F', email='norman.siler@verizon.net', dob='08/10/1982', dateOfJoining='4/17/2012', salary='176420'}
EmployeeDTO{empId='444753', namePrefix='Ms.', firstName='Judith', middleInitial='FALSE', lastName='Owen', gender='F', email='judith.owen@gmail.com', dob='2/14/1958', dateOfJoining='5/17/1982', salary='76503'}
EmployeeDTO{empId='341393', namePrefix='Drs.', firstName='Roslyn', middleInitial='G', lastName='Maria', gender='F', email='roslyn.maria@hotmail.com', dob='08/06/1974', dateOfJoining='3/14/2006', salary='43504'}
EmployeeDTO{empId='806216', namePrefix='Dr.', firstName='Bryon', middleInitial='O', lastName='Sprague', gender='M', email='bryon.sprague@gmail.com', dob='08/08/1983', dateOfJoining='12/17/2010', salary='41390'}
EmployeeDTO{empId='929221', namePrefix='Mr.', firstName='Forrest', middleInitial='N', lastName='Jinks', gender='M', email='forrest.jinks@yahoo.com', dob='7/25/1995', dateOfJoining='10/13/2016', salary='97887'}
EmployeeDTO{empId='315817', namePrefix='Mrs.', firstName='Marti', middleInitial='FALSE', lastName='Brewton', gender='F', email='marti.brewton@gmail.com', dob='4/16/1979', dateOfJoining='6/22/2015', salary='198686'}
EmployeeDTO{empId='129446', namePrefix='Ms.', firstName='Ninfa', middleInitial='FALSE', lastName='Elliott', gender='F', email='ninfa.elliott@aol.com', dob='06/02/1984', dateOfJoining='4/27/2011', salary='105578'}
EmployeeDTO{empId='958471', namePrefix='Mr.', firstName='Leroy', middleInitial='O', lastName='Session', gender='X', email='leroy.session@gmail.com', dob='2/27/1987', dateOfJoining='07/12/2017', salary='187918'}
EmployeeDTO{empId='652509', namePrefix='Ms.', firstName='Paulette', middleInitial='F', lastName='Atencio', gender='X', email='paulette.atencio@comcast.net', dob='5/29/1977', dateOfJoining='1/22/2014', salary='76360'}
EmployeeDTO{empId='163390', namePrefix='Mr.', firstName='Guillermo', middleInitial='M', lastName='Karr', gender='M', email='donny.mohler@aol.com', dob='12/30/1958', dateOfJoining='7/27/1997', salary='62186'}
EmployeeDTO{empId='631721', namePrefix='Dr.', firstName='Graig', middleInitial='E', lastName='Dowd', gender='M', email='graig.dowd@shell.com', dob='10/16/1986', dateOfJoining='03/07/2011', salary='113790'}
EmployeeDTO{empId='581148', namePrefix='Ms.', firstName='Oneida', middleInitial='S', lastName='Straub', gender='F', email='oneida.straub@walmart.com', dob='3/18/1970', dateOfJoining='12/01/1998', salary='131416'}
EmployeeDTO{empId='482012', namePrefix='Ms.', firstName='Jonnie', middleInitial='H', lastName='Mclellan', gender='F', email='jonnie.mclellan@hotmail.com', dob='05/02/1960', dateOfJoining='10/03/1999', salary='160710'}
EmployeeDTO{empId='955733', namePrefix='Mr.', firstName='Irwin', middleInitial='A', lastName='Grow', gender='M', email='irwin.grow@rediffmail.com', dob='11/21/1989', dateOfJoining='09/05/2014', salary='172045'}
EmployeeDTO{empId='992731', namePrefix='Hon.', firstName='Kirstin', middleInitial='S', lastName='Begley', gender='F', email='kirstin.begley@outlook.com', dob='9/27/1995', dateOfJoining='11/17/2016', salary='173538'}
EmployeeDTO{empId='947619', namePrefix='Mrs.', firstName='Penny', middleInitial='C', lastName='Drumm', gender='F', email='penny.drumm@gmail.com', dob='1/27/1959', dateOfJoining='11/01/1994', salary='162273'}
EmployeeDTO{empId='352972', namePrefix='Ms.', firstName='Melissia', middleInitial='Q', lastName='Lydon', gender='F', email='matt.bragdon@outlook.com', dob='12/07/1976', dateOfJoining='10/24/2001', salary='50988'}
EmployeeDTO{empId='232476', namePrefix='Hon.', firstName='Nancie', middleInitial='B', lastName='Broomfield', gender='F', email='nancie.broomfield@hotmail.com', dob='9/17/1978', dateOfJoining='4/19/2004', salary='189661'}
EmployeeDTO{empId='195200', namePrefix='Prof.', firstName='Elvis', middleInitial='Q', lastName='Seitz', gender='M', email='elvis.seitz@msn.com', dob='05/05/1994', dateOfJoining='06/06/2017', salary='147053'}
EmployeeDTO{empId='963461', namePrefix='Mr.', firstName='Taylor', middleInitial='I', lastName='Mcgraw', gender='X', email='taylor.mcgraw@sbcglobal.net', dob='02/06/1979', dateOfJoining='03/05/2000', salary='104382'}
EmployeeDTO{empId='637227', namePrefix='Ms.', firstName='Georgiann', middleInitial='P', lastName='Leyba', gender='F', email='georgiann.leyba@charter.net', dob='9/16/1966', dateOfJoining='2/26/2012', salary='126080'}
EmployeeDTO{empId='503785', namePrefix='Ms.', firstName='Kasha', middleInitial='W', lastName='Rossman', gender='F', email='jama.pinson@aol.com', dob='7/18/1979', dateOfJoining='1/15/2005', salary='134512'}
EmployeeDTO{empId='401576', namePrefix='Ms.', firstName='Iola', middleInitial='U', lastName='Carranza', gender='F', email='iola.carranza@hotmail.com', dob='02/03/1988', dateOfJoining='12/05/2016', salary='142745'}
EmployeeDTO{empId='505192', namePrefix='Ms.', firstName='Simonne', middleInitial='F', lastName='Soares', gender='F', email='simonne.soares@bp.com', dob='10/02/1982', dateOfJoining='12/19/2011', salary='57011'}
EmployeeDTO{empId='795967', namePrefix='Dr.', firstName='Jess', middleInitial='W', lastName='Holifield', gender='X', email='jess.holifield@hotmail.com', dob='2/26/1975', dateOfJoining='05/10/2002', salary='142105'}
EmployeeDTO{empId='541976', namePrefix='Mr.', firstName='Kelley', middleInitial='FALSE', lastName='Greening', gender='M', email='kelley.greening@rediffmail.com', dob='2/26/1979', dateOfJoining='6/22/2001', salary='157705'}
EmployeeDTO{empId='254060', namePrefix='Mrs.', firstName='Lanell', middleInitial='X', lastName='Dunford', gender='F', email='lanell.dunford@gmail.com', dob='12/10/1970', dateOfJoining='9/22/2002', salary='164718'}
EmployeeDTO{empId='713117', namePrefix='Dr.', firstName='Freeman', middleInitial='J', lastName='Mcmichael', gender='X', email='freeman.mcmichael@gmail.com', dob='07/06/1981', dateOfJoining='11/15/2005', salary='48334'}
EmployeeDTO{empId='806331', namePrefix='Mr.', firstName='Vincenzo', middleInitial='FALSE', lastName='Whiteley', gender='M', email='vincenzo.whiteley@hotmail.com', dob='07/05/1992', dateOfJoining='12/04/2013', salary='58403'}
EmployeeDTO{empId='979547', namePrefix='Mr.', firstName='Kurt', middleInitial='M', lastName='Durante', gender='X', email='kurt.durante@walmart.com', dob='05/02/1985', dateOfJoining='03/05/2013', salary='101165'}
EmployeeDTO{empId='481713', namePrefix='Mr.', firstName='Deandre', middleInitial='L', lastName='Freeze', gender='M', email='deandre.freeze@gmail.com', dob='4/13/1964', dateOfJoining='8/22/1987', salary='-177512'}
EmployeeDTO{empId='449321', namePrefix='Mr.', firstName='Tommie', middleInitial='X', lastName='Tomblin', gender='M', email='tommie.tomblin@hotmail.com', dob='7/19/1963', dateOfJoining='9/20/2001', salary='145402'}
EmployeeDTO{empId='439490', namePrefix='Mrs.', firstName='Catrice', middleInitial='Y', lastName='Labrecque', gender='F', email='catrice.labrecque@yahoo.com', dob='7/28/1975', dateOfJoining='8/20/2011', salary='147041'}
EmployeeDTO{empId='631859', namePrefix='Ms.', firstName='Evelin', middleInitial='U', lastName='Mariscal', gender='F', email='evelin.mariscal@gmail.com', dob='2/17/1988', dateOfJoining='08/11/2014', salary='66950'}
EmployeeDTO{empId='961538', namePrefix='Prof.', firstName='Carol', middleInitial='D', lastName='Guest', gender='M', email='carol.guest@hotmail.com', dob='12/06/1966', dateOfJoining='06/12/2017', salary='158646'}
EmployeeDTO{empId='223906', namePrefix='Dr.', firstName='Kurt', middleInitial='C', lastName='Atwater', gender='X', email='kurt.atwater@aol.com', dob='11/25/1991', dateOfJoining='3/22/2016', salary='126624'}
EmployeeDTO{empId='315817', namePrefix='Mrs.', firstName='Suzanna', middleInitial='M', lastName='Mcfarlane', gender='F', email='suzanna.mcfarlane@yahoo.com', dob='7/25/1994', dateOfJoining='07/10/2016', salary='102387'}
EmployeeDTO{empId='169102', namePrefix='Ms.', firstName='Giuseppina', middleInitial='C', lastName='Farley', gender='X', email='giuseppina.farley@aol.com', dob='07/04/1959', dateOfJoining='9/24/2001', salary='160519'}
EmployeeDTO{empId='517298', namePrefix='Drs.', firstName='Cristine', middleInitial='H', lastName='Deanda', gender='X', email='cristine.deanda@yahoo.com', dob='06/11/1995', dateOfJoining='12/23/2016', salary='50616'}
EmployeeDTO{empId='992780', namePrefix='Mr.', firstName='Edward', middleInitial='D', lastName='Stcyr', gender='M', email='edward.stcyr@gmail.com', dob='5/15/1958', dateOfJoining='6/22/1997', salary='56173'}
EmployeeDTO{empId='992731', namePrefix='Mr.', firstName='Simon', middleInitial='V', lastName='Lantz', gender='M', email='simon.lantz@yahoo.co.uk', dob='11/25/1966', dateOfJoining='02/07/1990', salary='182425'}
EmployeeDTO{empId='232476', namePrefix='Mrs.', firstName='Aisha', middleInitial='A', lastName='Mcburney', gender='F', email='aisha.mcburney@comcast.net', dob='07/03/1985', dateOfJoining='1/28/2009', salary='80032'}
EmployeeDTO{empId='789173', namePrefix='Ms.', firstName='Elia', middleInitial='K', lastName='Marr', gender='X', email='elia.marr@gmail.com', dob='6/13/1989', dateOfJoining='3/19/2014', salary='101331'}
EmployeeDTO{empId='772917', namePrefix='Mrs.', firstName='Jalisa', middleInitial='K', lastName='Nilsson', gender='F', email='jalisa.nilsson@microsoft.com', dob='10/09/1994', dateOfJoining='2/26/2017', salary='49381'}
EmployeeDTO{empId='556707', namePrefix='Prof.', firstName='Randy', middleInitial='O', lastName='Foxworth', gender='M', email='randy.foxworth@gmail.com', dob='4/18/1967', dateOfJoining='09/02/1988', salary='71645'}
EmployeeDTO{empId='903465', namePrefix='Mrs.', firstName='Artie', middleInitial='X', lastName='Oxendine', gender='F', email='artie.oxendine@gmail.com', dob='04/10/1976', dateOfJoining='1/27/2011', salary='60194'}
EmployeeDTO{empId='483949', namePrefix='Mr.', firstName='Hollis', middleInitial='Y', lastName='Byars', gender='M', email='deloras.benavides@aol.com', dob='02/10/1969', dateOfJoining='1/14/2011', salary='63392'}
EmployeeDTO{empId='488035', namePrefix='Mr.', firstName='Loren', middleInitial='FALSE', lastName='Buxton', gender='M', email='loren.buxton@yahoo.com', dob='2/18/1966', dateOfJoining='09/08/2013', salary='117712'}
EmployeeDTO{empId='688950', namePrefix='Ms.', firstName='Ninfa', middleInitial='P', lastName='Eaddy', gender='F', email='ninfa.eaddy@hotmail.com', dob='8/17/1962', dateOfJoining='7/21/2006', salary='133408'}
EmployeeDTO{empId='314841', namePrefix='Ms.', firstName='Kymberly', middleInitial='Q', lastName='Marler', gender='F', email='kymberly.marler@ibm.com', dob='8/28/1969', dateOfJoining='06/03/2008', salary='-125170'}
EmployeeDTO{empId='504550', namePrefix='Hon.', firstName='Elliott', middleInitial='M', lastName='Welter', gender='X', email='elliott.welter@yahoo.com', dob='10/10/1974', dateOfJoining='02/12/2005', salary='84981'}
EmployeeDTO{empId='254060', namePrefix='Dr.', firstName='Sylvester', middleInitial='V', lastName='Hamill', gender='M', email='sylvester.hamill@aol.com', dob='07/06/1964', dateOfJoining='7/19/1989', salary='105460'}
EmployeeDTO{empId='631859', namePrefix='Hon.', firstName='Trudi', middleInitial='V', lastName='Aiken', gender='F', email='trudi.aiken@msn.com', dob='3/19/1990', dateOfJoining='10/16/2014', salary='176579'}
EmployeeDTO{empId='143158', namePrefix='Mr.', firstName='Ian', middleInitial='G', lastName='Freeze', gender='X', email='ian.freeze@gmail.com', dob='05/11/1986', dateOfJoining='04/06/2012', salary='58886'}
EmployeeDTO{empId='769595', namePrefix='Mr.', firstName='Peter', middleInitial='U', lastName='Jesse', gender='M', email='mose.nunley@yahoo.com', dob='9/14/1957', dateOfJoining='07/07/1994', salary='83315'}
EmployeeDTO{empId='989007', namePrefix='Mrs.', firstName='Hettie', middleInitial='S', lastName='Barksdale', gender='F', email='hettie.barksdale@yahoo.co.uk', dob='6/13/1970', dateOfJoining='07/03/2001', salary='115328'}
EmployeeDTO{empId='758783', namePrefix='Mr.', firstName='Tommy', middleInitial='U', lastName='Lockridge', gender='M', email='tommy.lockridge@gmail.com', dob='07/01/1968', dateOfJoining='11/15/1997', salary='138879'}
EmployeeDTO{empId='946799', namePrefix='Hon.', firstName='Charita', middleInitial='R', lastName='Hadlock', gender='F', email='charita.hadlock@gmail.com', dob='01/03/1968', dateOfJoining='06/01/1993', salary='182536'}
EmployeeDTO{empId='284157', namePrefix='Mrs.', firstName='Dan', middleInitial='S', lastName='Humbert', gender='X', email='dan.humbert@exxonmobil.com', dob='12/29/1987', dateOfJoining='01/01/2012', salary='84676'}
EmployeeDTO{empId='571027', namePrefix='Ms.', firstName='Maegan', middleInitial='H', lastName='Tyson', gender='F', email='maegan.tyson@hotmail.com', dob='01/09/1972', dateOfJoining='11/26/2012', salary='197202'}
EmployeeDTO{empId='524308', namePrefix='Mrs.', firstName='Yer', middleInitial='Y', lastName='Whitten', gender='X', email='yer.whitten@gmail.com', dob='10/04/1989', dateOfJoining='05/01/2012', salary='159583'}
EmployeeDTO{empId='254723', namePrefix='Mr.', firstName='Hai', middleInitial='I', lastName='Hogg', gender='X', email='hai.hogg@comcast.net', dob='11/16/1960', dateOfJoining='06/12/2000', salary='142533'}
EmployeeDTO{empId='115718', namePrefix='Mr.', firstName='Oliver', middleInitial='V', lastName='Morris', gender='M', email='oliver.morris@hotmail.com', dob='09/07/1977', dateOfJoining='11/18/2010', salary='64972'}
EmployeeDTO{empId='272630', namePrefix='Ms.', firstName='Shane', middleInitial='E', lastName='Bouie', gender='F', email='shane.bouie@aol.com', dob='3/14/1978', dateOfJoining='11/19/2002', salary='136107'}
EmployeeDTO{empId='242365', namePrefix='Mrs.', firstName='Leontine', middleInitial='Q', lastName='Marcus', gender='F', email='charita.hadlock@gmail.com', dob='9/27/1971', dateOfJoining='8/18/2001', salary='49858'}
EmployeeDTO{empId='401576', namePrefix='Ms.', firstName='Cythia', middleInitial='V', lastName='Rosenblatt', gender='F', email='cythia.rosenblatt@cox.net', dob='07/03/1991', dateOfJoining='10/25/2016', salary='92374'}
EmployeeDTO{empId='481509', namePrefix='Mr.', firstName='Garland', middleInitial='FALSE', lastName='Carter', gender='M', email='garland.carter@gmail.com', dob='1/25/1970', dateOfJoining='4/30/1994', salary='122573'}
EmployeeDTO{empId='567463', namePrefix='Ms.', firstName='Christel', middleInitial='W', lastName='Holston', gender='X', email='christel.holston@yahoo.ca', dob='7/29/1994', dateOfJoining='11/16/2016', salary='65339'}
EmployeeDTO{empId='281376', namePrefix='Hon.', firstName='Charlene', middleInitial='I', lastName='Fenton', gender='F', email='charlene.fenton@gmail.com', dob='6/23/1988', dateOfJoining='10/14/2013', salary='61675'}
EmployeeDTO{empId='177006', namePrefix='Dr.', firstName='Bud', middleInitial='E', lastName='Pardue', gender='M', email='bud.pardue@hotmail.com', dob='9/18/1961', dateOfJoining='3/23/2002', salary='119832'}
EmployeeDTO{empId='834739', namePrefix='Ms.', firstName='Dannielle', middleInitial='B', lastName='Allen', gender='F', email='forrest.jinks@yahoo.com', dob='11/28/1983', dateOfJoining='9/13/2007', salary='145139'}
EmployeeDTO{empId='540721', namePrefix='Mr.', firstName='Alejandro', middleInitial='P', lastName='Doyon', gender='X', email='alejandro.doyon@gmail.com', dob='5/13/1984', dateOfJoining='09/11/2013', salary='66785'}
EmployeeDTO{empId='668065', namePrefix='Mrs.', firstName='Deja', middleInitial='H', lastName='Niemeyer', gender='F', email='deja.niemeyer@gmail.com', dob='09/04/3000', dateOfJoining='06/05/2012', salary='130000'}
EmployeeDTO{empId='746267', namePrefix='Mrs.', firstName='Marilou', middleInitial='Z', lastName='Greenhaw', gender='F', email='chung.houghton@aol.com', dob='05/06/1985', dateOfJoining='8/19/2012', salary='105034'}
EmployeeDTO{empId='672612', namePrefix='Hon.', firstName='Glen', middleInitial='H', lastName='Wunderlich', gender='M', email='glen.wunderlich@gmail.com', dob='09/11/1968', dateOfJoining='1/22/2013', salary='-142743'}
EmployeeDTO{empId='729802', namePrefix='Prof.', firstName='Jae', middleInitial='A', lastName='Rau', gender='M', email='jae.rau@outlook.com', dob='12/13/1981', dateOfJoining='12/24/2012', salary='-193731'}
EmployeeDTO{empId='968722', namePrefix='Mr.', firstName='Freeman', middleInitial='H', lastName='Lower', gender='M', email='freeman.lower@aol.com', dob='2/19/1996', dateOfJoining='03/11/2017', salary='76823'}
EmployeeDTO{empId='443835', namePrefix='Ms.', firstName='Terresa', middleInitial='W', lastName='Forest', gender='F', email='terresa.forest@hotmail.com', dob='10/20/1987', dateOfJoining='09/11/2013', salary='162608'}
EmployeeDTO{empId='637227', namePrefix='Dr.', firstName='Oliver', middleInitial='V', lastName='Rockett', gender='M', email='oliver.rockett@comcast.net', dob='09/03/1963', dateOfJoining='9/24/2014', salary='53492'}
EmployeeDTO{empId='535207', namePrefix='Mrs.', firstName='Tabatha', middleInitial='C', lastName='Threadgill', gender='F', email='tabatha.threadgill@hotmail.com', dob='12/02/1992', dateOfJoining='8/16/2015', salary='64914'}
EmployeeDTO{empId='185069', namePrefix='Hon.', firstName='Leonila', middleInitial='G', lastName='Heflin', gender='F', email='leonila.heflin@charter.net', dob='03/01/1962', dateOfJoining='11/19/1999', salary='-121059'}
EmployeeDTO{empId='874818', namePrefix='Drs.', firstName='Nannie', middleInitial='J', lastName='Claiborne', gender='F', email='nannie.claiborne@yahoo.com', dob='1/28/1989', dateOfJoining='08/05/2016', salary='129120'}
EmployeeDTO{empId='695651', namePrefix='Mr.', firstName='Moses', middleInitial='B', lastName='Scheller', gender='M', email='moses.scheller@sbcglobal.net', dob='01/06/1967', dateOfJoining='2/14/2009', salary='111089'}
EmployeeDTO{empId='989007', namePrefix='Mr.', firstName='Carol', middleInitial='T', lastName='London', gender='M', email='carol.london@yahoo.com', dob='1/22/1964', dateOfJoining='12/07/1990', salary='64957'}
EmployeeDTO{empId='176890', namePrefix='Mr.', firstName='Cory', middleInitial='T', lastName='Settle', gender='X', email='cory.settle@yahoo.com', dob='07/04/1975', dateOfJoining='6/15/2005', salary='168015'}
EmployeeDTO{empId='297549', namePrefix='Drs.', firstName='Janella', middleInitial='I', lastName='Metz', gender='X', email='janella.metz@sbcglobal.net', dob='4/25/1964', dateOfJoining='09/07/2016', salary='171960'}
EmployeeDTO{empId='741457', namePrefix='Prof.', firstName='Shawn', middleInitial='L', lastName='Felts', gender='M', email='shawn.felts@gmail.com', dob='2/22/1960', dateOfJoining='08/05/1998', salary='131082'}
EmployeeDTO{empId='352995', namePrefix='Prof.', firstName='Foster', middleInitial='N', lastName='Reddy', gender='M', email='ninfa.eaddy@hotmail.com', dob='08/04/1985', dateOfJoining='6/26/2017', salary='55279'}
EmployeeDTO{empId='437622', namePrefix='Dr.', firstName='Marshall', middleInitial='U', lastName='Luckett', gender='M', email='marshall.luckett@hotmail.co.uk', dob='12/11/1974', dateOfJoining='10/02/2012', salary='138716'}
EmployeeDTO{empId='281376', namePrefix='Mr.', firstName='Cary', middleInitial='R', lastName='Murr', gender='M', email='cary.murr@hotmail.com', dob='01/04/1985', dateOfJoining='7/24/2017', salary='157975'}
EmployeeDTO{empId='437622', namePrefix='Ms.', firstName='Hassie', middleInitial='I', lastName='Tye', gender='F', email='hassie.tye@gmail.com', dob='7/20/1966', dateOfJoining='11/16/2003', salary='143159'}
EmployeeDTO{empId='273911', namePrefix='Hon.', firstName='Jamal', middleInitial='K', lastName='Fairchild', gender='M', email='jamal.fairchild@msn.com', dob='01/08/1993', dateOfJoining='10/19/2016', salary='132031'}
EmployeeDTO{empId='463317', namePrefix='Mr.', firstName='Hoyt', middleInitial='K', lastName='Denis', gender='X', email='hoyt.denis@aol.com', dob='9/25/1971', dateOfJoining='12/29/1999', salary='47930'}
EmployeeDTO{empId='535207', namePrefix='Ms.', firstName='Myrtie', middleInitial='J', lastName='Testerman', gender='F', email='myrtie.testerman@bellsouth.net', dob='12/30/1981', dateOfJoining='7/13/2013', salary='101955'}
EmployeeDTO{empId='439490', namePrefix='Ms.', firstName='Joshua', middleInitial='H', lastName='Pacheco', gender='F', email='joshua.pacheco@hotmail.com', dob='07/08/1980', dateOfJoining='10/27/2002', salary='133710'}
EmployeeDTO{empId='838465', namePrefix='Ms.', firstName='Jama', middleInitial='T', lastName='Pinson', gender='F', email='jama.pinson@aol.com', dob='04/12/1969', dateOfJoining='6/28/2004', salary='147040'}
EmployeeDTO{empId='467080', namePrefix='Drs.', firstName='Terrilyn', middleInitial='A', lastName='Mcmullen', gender='F', email='terrilyn.mcmullen@gmail.com', dob='1/21/1966', dateOfJoining='8/16/2005', salary='175513'}
EmployeeDTO{empId='816839', namePrefix='Dr.', firstName='Gerry', middleInitial='G', lastName='Doody', gender='M', email='gerry.doody@yahoo.ca', dob='3/16/1984', dateOfJoining='11/28/2010', salary='182630'}
